<core:FragmentDefinition xmlns="sap.m" xmlns:core="sap.ui.core" xmlns:form="sap.ui.layout.form">
    <Dialog
        id="partQuantity"
        title="Confirm Partial Quantity"
        class="sapUiResponsivePadding--header sapUiResponsivePadding--content sapUiResponsivePadding--footer"
        contentWidth="350px"
    >
        <content>
            <form:SimpleForm
                id="partialQuantityForm"
                editable="true"
                layout="ResponsiveGridLayout"
                labelSpanXL="4"
                labelSpanL="4"
                labelSpanM="4"
                labelSpanS="12"
                adjustLabelSpan="false"
                emptySpanXL="0"
                emptySpanL="0"
                emptySpanM="0"
                emptySpanS="0"
                columnsXL="2"
                columnsL="2"
                columnsM="1"
                singleContainerFullSize="false"
            >
                <form:content>
                    <Label id="qtyDamagedLabel" text="Quantity Damaged" design="Bold" />
                    <Input id="qtyInput" width="100%" />

                    <Label id="reasonLabel" text="Reason" design="Bold" />
                    <Select id="issueSelect" forceSelection="false" width="100%">
                        <items>
                            <core:Item key="broken" text="Broken" />
                            <core:Item key="damaged" text="Damaged" />
                            <core:Item key="misplaced" text="Misplaced" />
                        </items>
                    </Select>
                </form:content>
            </form:SimpleForm>
        </content>
        <beginButton>
        <Button id="submitBtn" text="Submit" type="Emphasized" press="onSubmitQty" />
    </beginButton>

        <endButton>
            
            <Button id="closeBtn" text="Close" press="onCloseDialog" />
        </endButton>
    </Dialog>
</core:FragmentDefinition>